{
  "population_size": 45222,
  "marginals": {
    "education": {
      "Assoc-acdm": 0.033324488081022514,
      "Assoc-voc": 0.043319623192251556,
      "Masters": 0.055592410773517315,
      "12th": 0.012759276458360974,
      "Bachelors": 0.16739639998230949,
      "HS-grad": 0.3268984122772102,
      "9th": 0.01494847640528946,
      "5th-6th": 0.009928795718897881,
      "Prof-school": 0.017358807659988502,
      "Some-college": 0.21889788156207154,
      "Preschool": 0.00159214541594799,
      "11th": 0.035801158728052715,
      "1st-4th": 0.004909115032506302,
      "10th": 0.027044358940338773,
      "7th-8th": 0.01819910662951661,
      "Doctorate": 0.012029543142718147
    },
    "age": {
      "0": 0.18665693688912477,
      "4": 0.11717747998761664,
      "2": 0.25368183627437974,
      "3": 0.17548980584671178,
      "1": 0.2669939410021671
    },
    "sex": {
      "Female": 0.32495245676882933,
      "Male": 0.6750475432311707
    },
    "workclass": {
      "Private": 0.7365220467913848,
      "Federal-gov": 0.031091061872539915,
      "Self-emp-inc": 0.03639821325903322,
      "Without-pay": 0.00046437574631816373,
      "Local-gov": 0.06855070540887179,
      "State-gov": 0.04303215249214984,
      "Self-emp-not-inc": 0.08394144442970236
    },
    "relationship": {
      "Wife": 0.046238556454822874,
      "Unmarried": 0.10587767016054132,
      "Not-in-family": 0.25876785635310245,
      "Own-child": 0.1465216045287692,
      "Husband": 0.4127636990845164,
      "Other-relative": 0.029830613418247755
    },
    "occupation": {
      "Farming-fishing": 0.03272743355004201,
      "Protective-serv": 0.021582415638406086,
      "Craft-repair": 0.1331210472778736,
      "Adm-clerical": 0.12250674450488701,
      "Machine-op-inspct": 0.06567599840785458,
      "Exec-managerial": 0.1323249745698996,
      "Transport-moving": 0.05121401087966034,
      "Prof-specialty": 0.13285568970854894,
      "Handlers-cleaners": 0.04524346556985538,
      "Tech-support": 0.03140064570341869,
      "Other-service": 0.10631993277608244,
      "Priv-house-serv": 0.005130246340276857,
      "Armed-Forces": 0.0003095838308787758,
      "Sales": 0.11958781124231568
    },
    "marital-status": {
      "Never-married": 0.32280748308345497,
      "Widowed": 0.028238468002299767,
      "Married-AF-spouse": 0.0007076201848657732,
      "Married-spouse-absent": 0.01220644818893459,
      "Divorced": 0.13924638450311796,
      "Married-civ-spouse": 0.4655919685109018,
      "Separated": 0.03120162752642519
    }
  },
  "parameters": {
    "education": 0.9139441169567325,
    "age": 0.8416579822874458,
    "sex": 0.8843800385676979,
    "workclass": 0.8851023257983703,
    "relationship": 0.8182191621596422,
    "occupation": 0.756973444280767,
    "marital-status": 0.6030693149881224
  }
}
